System Conformation,QA Sequence,QA CamSol,QA Mass,QA Charge,QA pI,System Conformation,PPO Sequence,PPO CamSol,PPO Mass,PPO Charge,PPO pI,PepBD Sequence,PepBD CamSol,PepBD Mass,PepBD Charge,PepBD pI
1,MERRNRRRRLWH,2.362,1962,5,12.3,1,QDYEQQFCREEG,0.973,1728,-3,4,HWMWEMKWHMRH,0.692,1991,1,8.77
2,RMWHNRWRWRER,1.452,2065,4,12.18,1,QDYENQALQTAG,0.724,1534,-2,3.67,DWMWHMKWQMRH,0.559,1968,1,8.76
3,HNWMRMRRRWFW,1.167,2058,4,12.48,1,QDYEQQFLRETG,0.885,1710,-2,4.14,HWYKFLHHQMRW,0.749,1965,2,9.99
4,RQRRWRWARRMW,2.056,2040,6,12.7,1,QDYEVQFLRETG,0.683,1681,-2,4.14,EWYHFLHHHMRW,0.496,1975,0,7.19
5,RRWRWRRFWNMR,1.612,2102,6,12.7,1,QDYEVQFLREAG,0.806,1651,-2,4.14,EHYRFLWHHMRW,0.818,1994,1,8.86
6,RRRRWRRRWRWR,2.631,2178,9,12.9,1,QDYEQQFTRETG,0.734,1698,-2,4.14,MWMRHWRWHHFH,0.709,2043,2,12
7,HNWDRRRRRRRM,2.122,1991,6,12.4,1,QDYDQQFLREEG,0.973,1724,-3,3.92,EWYKHLHFHMRW,0.765,1966,1,8.7
9,RRRDWHWGGWNR,1.381,1878,3,12,1,QDYEQIFLRETG,0.783,1695,-2,4.14,HWMRTWRWHMFH,0.555,2007,2,12
10,NNNRFRWCGQMR,1.156,1778,3,11.7,1,QDYENQALQEAG,0.98,1562,-3,3.57,HWMREWRWYHFH,0.696,2067,1,8.77
12,RDRSFRWCGRMR,1.501,1822,4,11.82,1,QDYEQQFLRETD,0.916,1768,-3,3.92,HRWWWDHFRLHF,0.646,2019,1,9.62
13,QNRNYRRDGNRR,1.945,1801,4,11.83,1,DDYDQQFLREEG,0.888,1711,-4,3.77,RWWYQREMWMHH,0.755,2042,1,8.76
14,RNNNNRWDGWMR,1.27,1815,2,11.7,1,QDYEQQFTRETD,0.764,1756,-3,3.92,HRWWWDHFIIHK,0.46,1957,1,8.77
15,WRRRCMRSNRMR,2.125,1904,6,12.3,1,QDYEQQFLQEAG,0.805,1652,-3,3.57,HRRWWDHFAVHW,0.835,1929,1,9.62
16,GMRRRMRCRRRR,2.523,1886,8,12.48,1,QDYEVQFLQEAG,0.603,1623,-3,3.57,HRWWWDHRVFHF,0.449,2005,1,9.62
17,RSRREDWMSNNR,1.948,1803,2,11.52,1,QDYEQQALQEAG,0.977,1576,-3,3.57,GFRHRIFWQHWW,0.702,1952,2,12
18,WRQRRHLGAQNV,1.586,1717,3,12.3,1,DDYDDKFLREEG,1.001,1698,-4,3.96,HWMWMRHRQTMW,0.647,1982,2,12
20,WNNNNRWSNWEQ,0.915,1844,0,6,1,DDYDDQFLREEG,0.843,1698,-5,3.66,MFWWREIHNHWR,0.622,1994,1,9.39
21,HWINGCHMNMWL,0.341,1738,0,6.91,1,QDYDQQFCREEG,0.85,1714,-3,3.92,EWRHRIFWQHWF,0.772,2024,1,9.71
22,HWLFRRWRRMRR,1.547,2052,6,12.7,1,DDYDDKFAREEG,1.012,1656,-4,3.96,MFWWRELHQQWR,0.718,1999,1,9.37
23,RGHWATVWRKRG,1.03,1706,4,12.3,1,QDYEQEFLQEAG,0.9,1653,-4,3.5,ERWMMHHWRHFW,0.823,2035,1,9.71
24,NRHNRFLHNRRR,1.91,1872,5,12.6,1,QDYEGQDLQEAG,0.918,1549,-4,3.43,MFWWREMHHNWR,0.66,2012,1,9.39
25,GWLNYWLRRVRR,1.006,1871,4,12,1,QDYEGQALQEAG,0.916,1505,-3,3.57,HSWHWSRWMLFK,0.534,1897,2,11
26,HWMRRWNFFWTR,0.61,2019,3,12.3,1,QDYEQQDLVEAG,0.761,1591,-4,3.43,MFWWREQHITWR,0.466,1972,1,9.37
27,GWVWMRRWMMMR,0.517,1922,3,12.3,1,QDYEQQFLVEAG,0.587,1623,-3,3.57,HFWWREIHHLWR,0.633,1999,1,9.62
28,KWNWLWCRRRWL,1.041,1999,4,11.71,1,DSYDDKFAREEG,1.095,1628,-3,4.11,WHWHWSFYHRFK,0.286,2013,2,9.99
29,NWLWGRWLTRRR,0.9,1896,4,12.48,1,QDYEQIFLVEAG,0.484,1608,-3,3.57,RWMWHMHRQTMW,0.709,1982,2,12
30,RNWVNMWRFMRR,0.924,1948,4,12.48,1,QDYEHQDLVEAG,0.74,1600,-4,3.91,WSRWWSFYHHFK,0.482,1963,2,9.99
31,GWWFRRRNRRRM,1.562,1973,6,12.7,1,QDYEGQDLVEAG,0.7,1520,-4,3.43,HRWMMDHWRSFW,0.795,1971,1,9.61
32,MWRRWHRGRRQG,1.784,1878,5,12.6,1,QDYDQQALQEAG,0.854,1562,-3,3.49,HEWMMHHWRDFW,0.527,1994,-1,6.26
33,HHRNHWFRRMNW,1.318,1973,3,12.3,2,RMWRSRRRWRER,2.112,2027,6,12.4,DKWMMHHWRSFW,0.692,1943,1,8.76
34,GWLRWNHNMRRR,1.334,1878,4,12.48,2,RMWRGRWRWRER,1.69,2027,5,12.3,WHWHWSFHIHFK,0.132,1944,1,8.78
35,GEEKKERGRHRR,2.31,1734,3,10.83,2,RMWRGRRRWRER,2.067,1997,6,12.4,WSRWWSFHFEFK,0.543,1939,1,8.75
36,GWRMWLIRNDRM,1.159,1830,2,11.7,2,NMWRGRRRWRER,1.82,1955,5,12.3,RWWYNREHWMMH,0.768,2028,1,8.76
37,RHGLWHRAGRWY,1.153,1791,3,11.71,2,NMWRGRWRWRER,1.444,1985,4,12.18,WSHWWSFHRMFK,0.446,1931,2,11
38,WRWWIWMFWLGK,0.112,1991,2,11,2,RMWRSRFRWRER,1.747,2018,5,12.3,HSWWRDHWLLFK,0.602,1907,1,8.76
39,GWRNVHHKRRWM,1.372,1859,4,12.3,2,RMWRGRHRWRER,1.865,1978,5,12.3,LWMWQRHRETMW,0.819,1956,1,9.61
40,WFWHWHRMMRRF,0.585,2072,3,12.3,2,RMWRGRNRWRER,1.887,1955,5,12.3,RWWYTREHWMHM,0.597,2015,1,8.76
41,GVWGRGRWFRWH,0.572,1796,3,12.3,2,RMWRGRFRWRER,1.701,1988,5,12.3,HSWWRDIWTIFK,0.28,1871,1,8.75
42,WGWRKRRWIRWW,1.14,2068,5,12.48,2,RMWRGRWRHRER,1.885,1978,5,12.3,HWMWLHWRQTMH,0.412,1945,1,9.77
43,HWLGLWRRMWWR,0.742,1979,3,12.3,2,NMWRGRHRWRER,1.618,1936,4,12.18,HWRWLHMRQTMW,0.843,1964,2,12
44,FWRHMWKRWMRR,1.19,2072,5,12.48,2,RMWRGRRRHRER,2.261,1948,6,12.4,HLWHWSRWLHFK,0.57,1929,2,11
45,WWIQRFNWNIWL,0.26,1958,1,9.75,2,NMWRGRNRWRER,1.641,1913,4,12.18,HSWHWSLWFRFK,0.386,1913,2,11
46,GKQNMRVRNMFR,1.449,1733,4,12.3,2,NMWRGRFRWRER,1.455,1946,4,12.18,HFWHWSRWHIFK,0.314,1963,2,11
47,WWRLLWRMNIWR,0.88,2012,3,12.3,2,NMWRGRRRHRER,2.015,1906,5,12.3,WFFNRWHHRHWM,0.573,2036,2,12
48,WWRWLVRNNWMR,0.77,1999,3,12.3,2,NMWRGRWRHRER,1.639,1936,4,12.18,WFFHRWMHQKWQ,0.506,2013,2,11
49,FRWLGRWHWHWI,0.516,1976,2,12,2,SMWRGRWRWRER,1.428,1958,4,12.18,WFFNRWKHHMWQ,0.52,1999,2,11
50,WKQVWDYIRHGR,0.851,1840,2,9.99,2,RMWRSRHRHRER,2.105,1959,5,12.3,HWWMHMWHRHMK,0.595,1999,2,11
,,,,,,2,RMWRGRHRHRER,2.059,1929,5,12.3,HWWQEMWHRVMK,0.584,1950,1,8.76
,,,,,,2,RMWRGRNRHRER,2.082,1906,5,12.3,WFFHRWHHRMWQ,0.547,2050,2,12
,,,,,,2,VMWRGRWRWRER,1.256,1970,4,12.18,FRFHWMTEMHWR,0.618,1960,1,9.61
,,,,,,2,RMWRGRFRHRER,1.896,1939,5,12.3,WMWHKLWHHHYK,0.584,1985,2,9.7
,,,,,,2,RMWRGRWRFRER,1.702,1988,5,12.3,HWWHGMWHRAMK,0.607,1859,2,11
,,,,,,2,NMWRGRHRHRER,1.813,1887,4,12.18,HWWINMWHRGMK,0.534,1878,2,11
,,,,,,2,NMWRGRNRHRER,1.835,1864,4,12.18,FRFTWMHEMTWR,0.459,1924,1,9.61
,,,,,,2,RMWRGRWRWFER,1.343,2018,4,12.18,WRTHWIMHGWYR,0.443,1925,2,10.84
,,,,,,2,NMWRGRFRHRER,1.649,1897,4,12.18,WMWHRMWQHHYK,0.596,2022,2,9.99
,,,,,,2,RMWRGRRRWFER,1.719,1988,5,12.3,WMWHGLWQHKYK,0.514,1896,2,9.7
,,,,,,2,RMWRGRWRWREK,1.672,1999,5,12.18,FRFSWMNEMSWR,0.801,1873,1,9.6
,,,,,,2,RMWRGRRRWREK,2.049,1969,6,12.3,WMWQELWHHKYK,0.645,1968,1,8.51
,,,,,,2,NMWRGRRRWFER,1.473,1946,4,12.18,HHRRWMWWGHFY,0.803,1995,2,10.84
,,,,,,2,RMWRGRWRWVER,1.332,1970,4,12.18,WRQQWIEHGWFR,0.814,1925,1,9.61
,,,,,,2,NMWRGRRRWREK,1.802,1927,5,12.18,RWWYQKHHWMMH,0.616,2022,2,9.99
,,,,,,2,NMWRGRWRWREK,1.426,1957,4,12,WMWHRHWTHMYK,0.424,1995,2,9.99
,,,,,,2,NMWRGRWRWVER,1.085,1928,3,12,ETRRWMWWHHFY,0.718,2031,1,8.85
,,,,,,2,RMWRGRRRKRER,2.454,1939,7,12.4,RWWYVRHHEMMH,0.772,1964,1,8.77
,,,,,,2,RMWRGRHRWREK,1.847,1950,5,12.18,HSRRWMWWHEFY,0.967,2017,1,8.76
,,,,,,2,RMWRGRNRWREK,1.869,1927,5,12.18,WFFHRWHHQLWR,0.492,2032,2,12
,,,,,,2,NMWRSRWRWRER,1.49,2015,4,12.18,WMWQKHWGHHYK,0.568,1920,2,9.7
,,,,,,2,RMWRGRRRWAER,1.882,1912,5,12.3,WFFHQWMHRHWR,0.434,2050,2,12
,,,,,,2,NMWRGRRRKRER,2.208,1897,6,12.3,WFFNRWHHNMWR,0.484,2013,2,12
,,,,,,2,NMWRGRNRWREK,1.623,1885,4,12,GGQSIFLEHAAK,0.918,1454,0,6.75
,,,,,,2,NMWRGRFRWREK,1.437,1918,4,12,WFFGRWMHQHWR,0.411,1970,2,12
,,,,,,2,RMWRGRWRWRCR,1.5,2001,6,12.3,AFISLFREHHAK,0.971,1652,1,8.8
,,,,,,2,RMWRGRRRWRCR,1.877,1971,7,12.4,GAGSIFREHQAK,1.11,1497,1,8.75
,,,,,,2,RMWRGRNRKRER,2.275,1897,6,12.3,HAVSMFREHLAK,0.994,1622,1,8.76
,,,,,,2,NMWRSRNRWRER,1.687,1943,4,12.18,SGGSIFREHAAK,1.089,1456,1,8.49
,,,,,,2,NMWRGRWRWRCR,1.254,1959,5,12.18,WRNHWILHGWFR,0.672,1904,2,12
,,,,,,2,NMWRGRNRKRER,2.028,1855,5,12.18,GFHSIAREVSAK,0.931,1498,1,8.75
,,,,,,3,HNWMRMRRRSFR,1.57,1929,5,12.6,GFVSIFAEHHAK,0.531,1539,0,6.92
,,,,,,3,HNWMRMRRRGFR,1.527,1899,5,12.6,GGQSIFAEQLAK,0.94,1445,0,6
,,,,,,3,HNWYRMRRRSFR,1.475,1961,5,12.18,AGHSMFREHGAK,1.14,1524,1,8.8
,,,,,,3,HNWYRMRRRGFR,1.433,1931,5,12.18,GWHSIFREVTAK,0.6,1627,1,8.75
,,,,,,3,HNWYRMRRTSFR,1.083,1906,4,12,GVHSVFREEHAK,0.975,1592,0,6.92
,,,,,,3,HRWYRMRRTNHR,1.516,1965,5,12.18,GIVSHFAEHMAK,0.668,1523,0,6.92
,,,,,,3,HRWYRMRRQSHR,1.689,1965,5,12.18,ELQSAFREMTAK,1.137,1607,0,6.24
,,,,,,3,HRWYRMRRTSKR,1.635,1929,6,12.18,GHVSIFGEHMAK,0.628,1509,0,6.92
,,,,,,3,HRWYRMRRTSMR,1.468,1932,5,12.18,GVHSFAREWTAK,0.688,1585,1,8.75
,,,,,,3,HRWYRMRRTGKR,1.593,1899,6,12.18,GVNSAFREVHAK,0.863,1511,1,8.75
,,,,,,3,HRWYRMRRTGMR,1.426,1902,5,12.18,AFQSIFREHMAK,0.981,1661,1,8.8
,,,,,,3,HRWYRMRRQGHR,1.646,1935,5,12.18,HAHSGFREHHAK,1.224,1610,1,8.78
,,,,,,3,HRWWRMRRTSHR,1.445,1961,5,12.6,WHHMQWWIHRLH,0.539,1963,1,9.78
,,,,,,3,HRWYRMRRFSKR,1.619,1975,6,12.18,GLVSHFREHLIK,0.916,1632,1,8.76
,,,,,,3,HRWYRMRRTSWR,1.363,1987,5,12.18,LFWSVFREHHAK,0.665,1753,1,8.76
,,,,,,3,HRWYRMRRFGKR,1.577,1945,6,12.18,GHYSVFGEHLAK,0.632,1541,0,6.92
,,,,,,3,HRWYRMRRTGWR,1.321,1957,5,12.18,WHEMQWWIYRKH,0.596,1996,1,8.6
,,,,,,3,HRWYRMRRTEWR,1.472,2029,4,11.83,WRNSWIEHGWYR,0.83,1886,1,8.75
,,,,,,3,HRWYRMRRTSHR,1.5,1938,5,12.18,EFRHTIFWHHWW,0.357,1978,0,7.12
,,,,,,3,HNWYRMRRTSHR,1.211,1896,4,12,GFWHQIFRHHWW,0.269,1933,1,9.77
,,,,,,3,HRWYRMRRTEHR,1.609,1980,4,11.83,WHQHWRVMGWYR,0.46,1938,2,10.84
,,,,,,3,HRWYRMRRHSHR,1.666,1974,5,12.18,RFQFHWWEVQWR,0.488,2001,1,9.61
,,,,,,3,HRWYRMRRTAHR,1.502,1922,5,12.18,,,,,
,,,,,,3,HRWYRMRRTGHR,1.458,1908,5,12.18,,,,,
,,,,,,3,HRWWRMRRSSHR,1.618,1947,5,12.6,,,,,
,,,,,,3,HRWYRMRRYSHR,1.526,2000,5,11.83,,,,,
,,,,,,3,HRWYRMRRYGHR,1.484,1970,5,11.83,,,,,
,,,,,,3,HRWYRMRRESHR,1.8,1966,4,11.83,,,,,
,,,,,,3,HRWYRMRRFSHR,1.484,1984,5,12.18,,,,,
,,,,,,3,HRWYRMRRISHR,1.574,1950,5,12.18,,,,,
,,,,,,3,HRWYRMRRTSHF,1.274,1929,4,12,,,,,
,,,,,,3,HRWYRMRRHGHR,1.624,1944,5,12.18,,,,,
,,,,,,3,HRWYRMRRSGHR,1.63,1894,5,12.18,,,,,
,,,,,,3,HRWYRMRRSSHR,1.672,1924,5,12.18,,,,,
,,,,,,3,HRWYRMRRASHR,1.675,1908,5,12.18,,,,,
,,,,,,3,HRWRRMRRTSHR,1.941,1931,6,12.7,,,,,
,,,,,,3,HRWYRMRRGSHR,1.623,1894,5,12.18,,,,,
,,,,,,3,HRWYRMRRTGHF,1.232,1899,4,12,,,,,
,,,,,,3,HRWYRMRRIGHR,1.532,1920,5,12.18,,,,,
,,,,,,3,HRWYRMRRFGHR,1.441,1954,5,12.18,,,,,
,,,,,,3,HRWYRMKRTSHR,1.471,1910,5,12.01,,,,,
,,,,,,3,HRWYRMRRAGHR,1.633,1878,5,12.18,,,,,
,,,,,,3,HRWRRMRRTGHR,1.899,1901,6,12.7,,,,,
,,,,,,3,HRWYRMRREGHR,1.758,1936,4,11.83,,,,,
,,,,,,3,HRWYRMKRTGHR,1.429,1880,5,12.01,,,,,
,,,,,,3,HKWYRMRRTSHR,1.467,1910,5,12.01,,,,,
,,,,,,4,QRMRWRWANRER,1.851,1941,4,12.18,,,,,
,,,,,,4,QRMRWRWSNRER,1.849,1957,4,12.18,,,,,
,,,,,,4,QRWRWRWSNRER,1.677,2012,4,12.18,,,,,
,,,,,,4,QRWRWIWSNRER,1.387,1969,3,12,,,,,
,,,,,,4,QRWRWIWSNREM,1.238,1944,2,11.7,,,,,
,,,,,,5,RNWWWRRFWNMR,0.827,2090,4,12.48,,,,,
,,,,,,5,RNWWWNRFWRMR,0.813,2090,4,12.48,,,,,
,,,,,,5,RNRWWRRFWNMR,1.403,2060,5,12.6,,,,,
,,,,,,5,RNRWWRRRWNMR,1.781,2069,6,12.7,,,,,
,,,,,,5,RNRWWRRRMNMR,1.93,2014,6,12.7,,,,,
,,,,,,6,RRNNWNRRWRWR,1.846,2052,6,12.7,,,,,
,,,,,,6,RRNNWNVRRRRR,2.183,1935,7,12.78,,,,,
,,,,,,6,RRNNWNVTRRRR,1.821,1880,6,12.7,,,,,
,,,,,,6,RQNNWNVTRRRR,1.53,1852,5,12.6,,,,,
,,,,,,6,RQNNWNVHRRRR,1.684,1888,5,12.6,,,,,
,,,,,,6,TRNNWNVTRRRR,1.412,1825,5,12.6,,,,,
,,,,,,6,TQNNWRVTRRRR,1.305,1839,5,12.6,,,,,
,,,,,,6,TQNNWRVQRRRR,1.48,1866,5,12.6,,,,,
,,,,,,6,NQNNWNVTRRRR,1.283,1810,4,12.48,,,,,
,,,,,,6,TQNNWNVTRRRR,1.12,1797,4,12.48,,,,,
,,,,,,6,RQNNWHVTRRRR,1.507,1875,5,12.6,,,,,
,,,,,,6,TQNNWNVQRRRR,1.295,1824,4,12.48,,,,,
,,,,,,6,TQNNWNVHRRRR,1.274,1833,4,12.48,,,,,
,,,,,,6,TQNNWQVTRRRR,1.118,1811,4,12.48,,,,,
,,,,,,6,NQMNWNVTRRRR,1.202,1827,4,12.48,,,,,
,,,,,,6,TQMNWNVTRRRR,1.039,1814,4,12.48,,,,,
,,,,,,6,YQNNWNVTRRRR,1.143,1859,4,12,,,,,
,,,,,,6,DQNNWNVTRRRR,1.195,1811,3,12,,,,,
,,,,,,6,TQNNWTVTRRRR,0.949,1784,4,12.48,,,,,
,,,,,,6,TQMNWNVHRRRR,1.193,1850,4,12.48,,,,,
,,,,,,6,TQNNWNVMRRRR,1.232,1827,4,12.48,,,,,
,,,,,,6,VQNNWNVTRRRR,1.095,1795,4,12.48,,,,,
,,,,,,6,NQNNWHVTRRRR,1.261,1833,4,12.48,,,,,
,,,,,,6,TQNNWNVIRRRR,1.189,1809,4,12.48,,,,,
,,,,,,6,TQNNWHVTRRRR,1.098,1820,4,12.48,,,,,
,,,,,,6,TQYNWNVTRRRR,0.93,1846,4,12,,,,,
,,,,,,6,TQNNWNVERRRR,1.398,1825,3,12,,,,,
,,,,,,6,RRNNWNRRRRRR,2.561,1992,8,12.85,,,,,
,,,,,,6,TQNDWNVTRRRR,1.03,1798,3,12,,,,,
,,,,,,6,TQNYWNVTRRRR,0.955,1846,4,12,,,,,
,,,,,,6,MQNNWNVTRRRR,1.223,1827,4,12.48,,,,,
,,,,,,6,TQNKWNVTRRRR,1.364,1811,5,12.48,,,,,
,,,,,,6,TQNNWNVDRRRR,1.285,1811,3,12,,,,,
,,,,,,6,TDNNWNVTRRRR,1.021,1784,3,12,,,,,
,,,,,,6,TQNSWNVTRRRR,1.101,1770,4,12.48,,,,,
,,,,,,6,TSNNWNVTRRRR,1.104,1756,4,12.48,,,,,
,,,,,,6,TYNNWNVTRRRR,0.958,1832,4,12,,,,,
,,,,,,6,TENNWNVTRRRR,1.144,1798,3,12,,,,,
,,,,,,6,TQNNWHVHRRRR,1.252,1856,4,12.48,,,,,
,,,,,,6,TQNNWNVARRRR,1.283,1767,4,12.48,,,,,
,,,,,,6,EQNNWNVTRRRR,1.3,1825,3,12,,,,,
,,,,,,6,TQNNWNVFRRRR,1.105,1843,4,12.48,,,,,
,,,,,,6,TQNAWNVTRRRR,1.104,1754,4,12.48,,,,,
,,,,,,6,TGNNWNVTRRRR,1.054,1726,4,12.48,,,,,
,,,,,,6,TDNNWNVHRRRR,1.175,1820,3,12,,,,,
,,,,,,6,IQNNWNVTRRRR,1.183,1809,4,12.48,,,,,
,,,,,,6,TQMNWHVTRRRR,1.017,1837,4,12.48,,,,,
,,,,,,6,TQNNWNVTRTRR,0.787,1742,3,12.3,,,,,
,,,,,,6,TFNNWNVTRRRR,0.915,1816,4,12.48,,,,,
,,,,,,6,TQNAWNVHRRRR,1.258,1790,4,12.48,,,,,
,,,,,,6,TQNNWYVTRRRR,0.972,1846,4,12,,,,,
,,,,,,6,YQNNWHVTRRRR,1.12,1882,4,12,,,,,
,,,,,,6,DQNNWHVTRRRR,1.173,1834,3,12,,,,,
,,,,,,6,NQNNWWVTRRRR,1.086,1882,4,12.48,,,,,
,,,,,,6,TQNNWWVTRRRR,0.923,1869,4,12.48,,,,,
,,,,,,6,TQNNWNVTRKRR,1.093,1769,4,12.3,,,,,
,,,,,,6,VQNNWHVTRRRR,1.073,1818,4,12.48,,,,,
,,,,,,6,TQNNWHVIRRRR,1.166,1832,4,12.48,,,,,
,,,,,,6,TQNNRNVTRRRR,1.544,1767,5,12.6,,,,,
,,,,,,6,TQNNWNVTWRRR,0.7,1827,3,12.3,,,,,
,,,,,,6,TQNNWHVERRRR,1.376,1848,3,12,,,,,
,,,,,,6,TQNYWHVTRRRR,0.932,1869,4,12,,,,,
,,,,,,6,TQNNWHVDRRRR,1.262,1834,3,12,,,,,
,,,,,,6,TDNNWHVTRRRR,0.999,1807,3,12,,,,,
,,,,,,6,TQNSWHVTRRRR,1.079,1793,4,12.48,,,,,
,,,,,,6,TSNNWHVTRRRR,1.082,1779,4,12.48,,,,,
,,,,,,6,TYNNWHVTRRRR,0.935,1855,4,12,,,,,
,,,,,,6,TQNNWHVARRRR,1.26,1790,4,12.48,,,,,
,,,,,,6,TQNNWHVFRRRR,1.083,1866,4,12.48,,,,,
,,,,,,6,TGNNWHVTRRRR,1.032,1749,4,12.48,,,,,
,,,,,,6,TDNAWNVTRRRR,1.005,1741,3,12,,,,,
,,,,,,6,TFNNWHVTRRRR,0.893,1839,4,12.48,,,,,
,,,,,,6,RRNNWNRRRRWR,2.266,2022,7,12.78,,,,,
,,,,,,6,TQNNWNVTRRRY,0.918,1804,3,11.71,,,,,
,,,,,,6,TQNNWWVIRRRR,0.992,1881,4,12.48,,,,,
,,,,,,6,TQNNWNRTRRRR,1.498,1854,5,12.6,,,,,
,,,,,,9,RRRSWERGTQNK,1.986,1770,4,12,,,,,
,,,,,,9,RRRSWERGTNNK,1.989,1756,4,12,,,,,
,,,,,,9,RRRCWDRGTNNK,1.736,1758,4,11.54,,,,,
,,,,,,9,RRRSWDRGTNNK,1.879,1742,4,12,,,,,
,,,,,,9,RRRSNERGTQNR,2.207,1726,4,12.18,,,,,
,,,,,,9,RRRSWEVGTNNK,1.611,1699,3,11.71,,,,,
,,,,,,9,RRRSRERGTQNK,2.41,1740,5,12.18,,,,,
,,,,,,9,RRRCNERGTQNK,2.047,1714,4,11.54,,,,,
,,,,,,9,RRRSNERGLQNK,2.353,1710,4,12,,,,,
,,,,,,9,RRRSNERGTQNK,2.19,1698,4,12,,,,,
,,,,,,9,RRRSNEMGTQNK,1.947,1673,3,11.71,,,,,
,,,,,,9,RRQSNERGTQNK,1.863,1670,3,11.71,,,,,
,,,,,,9,RRRSNERGSQNK,2.362,1684,4,12,,,,,
,,,,,,9,RRRSNERGGQNK,2.313,1654,4,12,,,,,
,,,,,,9,TRRCNERGTQNK,1.637,1659,3,10.76,,,,,
,,,,,,9,RRRSNERGTDNK,2.18,1685,3,11.54,,,,,
,,,,,,9,RTRSNERGTQNK,1.71,1643,3,11.71,,,,,
,,,,,,9,TRRSNERGTQNK,1.78,1643,3,11.71,,,,,
,,,,,,9,RRRGNERGTQNK,2.14,1668,4,12,,,,,
,,,,,,9,RRRSNEKGLQNK,2.324,1682,4,11.72,,,,,
,,,,,,9,RRRSDERGLQNK,2.305,1711,3,11.54,,,,,
,,,,,,9,RRRSDERGTQNK,2.142,1699,3,11.54,,,,,
,,,,,,9,RRTSNERGTQNK,1.646,1643,3,11.71,,,,,
,,,,,,9,RRRSNEKGTQNK,2.161,1670,4,11.72,,,,,
,,,,,,9,RWRSNERGTQNK,1.681,1728,3,11.71,,,,,
,,,,,,9,RRRSNERGTANK,2.178,1641,4,12,,,,,
,,,,,,9,RRRSNEHGTQNK,1.988,1679,3,11.71,,,,,
,,,,,,9,RRLSNERGTQNK,1.834,1655,3,11.71,,,,,
,,,,,,9,RRQSNERGSQNK,2.035,1656,3,11.71,,,,,
,,,,,,9,RRLSNERGLQNK,1.997,1667,3,11.71,,,,,
,,,,,,9,RRRSKERGTQNK,2.38,1712,5,12.01,,,,,
,,,,,,9,RRRSEERGTQNK,2.255,1713,3,11.54,,,,,
,,,,,,9,RRRSNERGTSNK,2.176,1657,4,12,,,,,
,,,,,,9,RSRSNERGTQNK,1.882,1629,3,11.71,,,,,
,,,,,,9,RRRSDERGTWNK,1.957,1757,3,11.54,,,,,
,,,,,,9,TRRSNERGTDNK,1.771,1630,2,10.74,,,,,
,,,,,,10,NNNRYRYCGQML,1.118,1728,2,9.31,,,,,
,,,,,,10,NNNRYRFCGQMK,1.188,1727,3,10.05,,,,,
,,,,,,10,NNNRYRYCGQMK,1.226,1743,3,9.78,,,,,
,,,,,,10,NNNRYRFCAQMK,1.24,1741,3,10.05,,,,,
,,,,,,11,RNNGNIYSDREH,1.369,1671,0,6.75,,,,,
,,,,,,11,RNNGNIYSKREM,1.526,1678,2,9.99,,,,,
,,,,,,11,RWNGNIYSKREM,1.306,1750,2,9.99,,,,,
,,,,,,11,RNNGNIYSDQEM,1.171,1637,-1,4.37,,,,,
,,,,,,11,RNNGNIYSKREH,1.551,1684,2,9.99,,,,,
,,,,,,11,RNNGNIYSDQEH,1.197,1643,-1,5.32,,,,,
,,,,,,11,RNNGNIFSKREM,1.488,1662,2,10.84,,,,,
,,,,,,11,RNNSNIYSKREM,1.575,1708,2,9.99,,,,,
,,,,,,11,RNNGNIYSKQEM,1.353,1650,1,8.59,,,,,
,,,,,,11,RNNGFIYSKREM,1.334,1711,2,9.99,,,,,
,,,,,,11,RNNGNIFSKREH,1.513,1668,2,10.84,,,,,
,,,,,,11,RNNSNIYSKREH,1.601,1714,2,9.99,,,,,
,,,,,,11,RNNGNIYSKQEH,1.378,1656,1,8.6,,,,,
,,,,,,11,RNNGNIYSVREM,1.137,1649,1,8.75,,,,,
,,,,,,11,VNNGNIYSKREM,1.091,1621,1,8.56,,,,,
,,,,,,11,RNNSNIFSKREM,1.537,1692,2,10.84,,,,,
,,,,,,11,RNNSNIYSKQEM,1.403,1680,1,8.59,,,,,
,,,,,,11,VNNGNIYSKREH,1.116,1627,1,8.57,,,,,
,,,,,,11,RNNGFIYSKQEM,1.161,1683,1,8.59,,,,,
,,,,,,11,RNNSNIFSKREH,1.563,1698,2,10.84,,,,,
,,,,,,11,RNNGNIFSKQEH,1.34,1640,1,8.75,,,,,
,,,,,,11,RNNSNIYSKQEH,1.428,1686,1,8.6,,,,,
,,,,,,11,VNNGNIYSVREM,0.702,1592,0,5.97,,,,,
,,,,,,12,RGCGWRWNTKMR,0.964,1747,4,11.71,,,,,
,,,,,,12,RMCGWRHNTKMR,1.136,1772,4,11.71,,,,,
,,,,,,12,RDCGWRHNTKMR,1.104,1756,3,10.76,,,,,
,,,,,,12,RMCGWRHNAKMR,1.311,1742,4,11.71,,,,,
,,,,,,12,RWCGWRENTKMR,1.107,1819,3,10.76,,,,,
,,,,,,12,RWCGWRENAKMR,1.282,1789,3,10.76,,,,,
,,,,,,12,NMCGWRHNTKMR,0.889,1730,3,10.86,,,,,
,,,,,,12,GMCGWRHNTKMR,0.831,1673,3,10.86,,,,,
,,,,,,12,YMCGWRHNTKMR,0.749,1779,3,10.05,,,,,
,,,,,,12,RGCGWRENTKMR,1.258,1690,3,10.76,,,,,
,,,,,,12,MMCGWRHNTKMR,0.829,1747,3,10.86,,,,,
,,,,,,12,RMCDWRHNTKMR,1.115,1830,3,10.76,,,,,
,,,,,,12,RDCGWRHNTKMA,0.985,1671,2,9.5,,,,,
,,,,,,12,RMCGWRHNTKMG,0.987,1673,3,10.86,,,,,
,,,,,,12,RWCGWRENTKMA,0.987,1734,2,9.5,,,,,
,,,,,,12,MMCDWRHNTKMR,0.808,1805,2,9.5,,,,,
,,,,,,12,RGCDWRENTKMR,1.237,1748,2,9.5,,,,,
,,,,,,12,RGCGWRENTKMA,1.138,1605,2,9.5,,,,,
,,,,,,13,NNRLYRRDGNRR,1.92,1786,4,11.83,,,,,
,,,,,,13,NNRLWRRDGNRR,1.87,1809,4,12.18,,,,,
,,,,,,13,NNRLNRRDGSRR,2.057,1710,4,12.18,,,,,
,,,,,,13,NNRRWRRDGSRR,2.158,1825,5,12.3,,,,,
,,,,,,13,NNRLWRRDGSRR,1.853,1782,4,12.18,,,,,
,,,,,,13,NNRRWRRDGNFR,1.888,1843,4,12.18,,,,,
,,,,,,13,NNRRNRRDGSFR,2.075,1744,4,12.18,,,,,
,,,,,,13,NNRRWRRDGSFR,1.871,1816,4,12.18,,,,,
,,,,,,13,NHRRNRRDGSFR,2.05,1767,4,12.18,,,,,
,,,,,,13,NHRRWRRDGSFR,1.846,1839,4,12.18,,,,,
,,,,,,13,NNRRNRRSGSFR,2.07,1716,5,12.6,,,,,
,,,,,,15,WRRRCMWCNYAR,1.344,1897,4,10.72,,,,,
,,,,,,15,GRRRMMRCNYMR,1.895,1826,5,11.83,,,,,
,,,,,,15,MRIRMLRCNDMM,1.452,1766,2,10.26,,,,,
,,,,,,16,GMNRKRWCDQMR,1.464,1777,3,10.76,,,,,
,,,,,,16,GMKRKRWCDRMR,1.924,1819,5,11.56,,,,,
,,,,,,16,GMKSKRWCDRMR,1.628,1750,4,10.92,,,,,
,,,,,,16,GMKSKRKCDRRR,2.166,1717,6,11.57,,,,,
,,,,,,16,GMKSMRKCDRRR,1.91,1720,5,11.56,,,,,
,,,,,,16,GMKSRRKCDRMR,2.006,1720,5,11.56,,,,,
,,,,,,16,GMVSKRKCDRMR,1.435,1663,4,10.92,,,,,
,,,,,,16,GMVGKRKCDRMR,1.386,1633,4,10.92,,,,,
,,,,,,16,GMISKRKCDRMR,1.554,1677,4,10.92,,,,,
,,,,,,16,GMKSLRKCDRMR,1.759,1677,4,10.92,,,,,
,,,,,,16,GMKSTRKCDRMR,1.608,1665,4,10.92,,,,,
,,,,,,16,GMKDKRKCDRMR,1.905,1720,4,10.3,,,,,
,,,,,,16,GMKDMRKCDRMR,1.649,1723,3,10.05,,,,,
,,,,,,16,GMMSKRKCDRMR,1.608,1695,4,10.92,,,,,
,,,,,,16,GMKSDRKCDRMR,1.737,1679,3,10.05,,,,,
,,,,,,16,GMMSMRKCDRMR,1.352,1698,3,10.76,,,,,
,,,,,,16,GMKSKRKCDRMR,1.976,1692,5,11.01,,,,,
,,,,,,16,GMKEKRKCDRMR,2.028,1734,4,10.3,,,,,
,,,,,,16,GMKSMRKCDRMR,1.72,1695,4,10.92,,,,,
,,,,,,16,GMDSKRKCDRMR,1.58,1679,3,10.05,,,,,
,,,,,,16,GMKGKRKCDRMR,1.926,1662,5,11.01,,,,,
,,,,,,16,GMKFMRKCDRMR,1.531,1755,4,10.92,,,,,
,,,,,,16,GMDSMRKCDRMR,1.324,1682,2,9.5,,,,,
,,,,,,16,GMKGMRKCDRMR,1.67,1665,4,10.92,,,,,
,,,,,,16,GMSSKRKCDRMR,1.667,1651,4,10.92,,,,,
,,,,,,16,GMKFKRKCDRMR,1.787,1752,5,11.01,,,,,
,,,,,,16,GMDGKRKCDRMR,1.53,1649,3,10.05,,,,,
,,,,,,16,GMASKRKCDRMR,1.671,1635,4,10.92,,,,,
,,,,,,16,GMDGMRKCDRMR,1.274,1652,2,9.5,,,,,
,,,,,,16,GMASMRKCDRMR,1.415,1638,3,10.76,,,,,
,,,,,,16,KMVGKRKCDRMR,1.663,1704,5,11.01,,,,,
,,,,,,16,GMKSSRKCDRMR,1.768,1651,4,10.92,,,,,
,,,,,,16,GMAFKRKCDRMR,1.482,1695,4,10.92,,,,,
,,,,,,16,YMKSKRKCDRMR,1.893,1798,5,10.45,,,,,
,,,,,,16,GMKSKRKCSRMR,1.971,1664,6,11.74,,,,,
,,,,,,16,YMKSMRKCDRMR,1.637,1801,4,10.3,,,,,
,,,,,,16,GMKSMRKCSRMR,1.715,1667,5,11.72,,,,,
,,,,,,16,GMKSKRKCDQMR,1.803,1664,4,10.31,,,,,
,,,,,,16,GMKSMRKCDQMR,1.547,1667,3,10.05,,,,,
,,,,,,16,GMKFKRKCSRMR,1.782,1724,6,11.74,,,,,
,,,,,,16,GMKSKRFCDRMR,1.639,1711,4,10.92,,,,,
,,,,,,16,GMKSMRFCDRMR,1.383,1714,3,10.76,,,,,
,,,,,,16,GMKFMRFCDRMR,1.194,1774,3,10.76,,,,,
,,,,,,16,GMKFKRFCDRMR,1.45,1771,4,10.92,,,,,
,,,,,,16,GMKSKRICDRMR,1.72,1677,4,10.92,,,,,
,,,,,,16,CMKSKRKCDRMR,1.896,1738,5,10.32,,,,,
,,,,,,16,GMKSMRICDRMR,1.464,1680,3,10.76,,,,,
,,,,,,16,KMKSKRKCDRMR,2.253,1763,6,11.08,,,,,
,,,,,,16,GMKGKRICDRMR,1.67,1647,4,10.92,,,,,
,,,,,,16,GMKGMRICDRMR,1.414,1650,3,10.76,,,,,
,,,,,,16,IMKSKRKCDRMR,1.934,1748,5,11.01,,,,,
,,,,,,16,IMKSMRKCDRMR,1.678,1751,4,10.92,,,,,
,,,,,,16,GMKSKRKCCRMR,1.828,1680,6,11.02,,,,,
,,,,,,17,CGNLFNMGSCKR,0.762,1526,2,8.96,,,,,
,,,,,,17,RGNLFNWGSCGR,0.846,1563,2,10.35,,,,,
,,,,,,17,RGNLFNMGSYDR,1.015,1626,1,8.75,,,,,
,,,,,,17,CGNLFNMGSCDR,0.634,1513,0,5.82,,,,,
,,,,,,17,FGNLFNMGSCDR,0.595,1557,0,5.83,,,,,
,,,,,,17,CGNLFNRGSCKS,0.883,1482,2,8.96,,,,,
,,,,,,17,FGNMFNMGSCDR,0.553,1575,0,5.83,,,,,
,,,,,,17,VGNDFNMGSYDR,0.519,1571,-1,4.21,,,,,
,,,,,,17,WGNLFNMGSYDR,0.582,1656,0,5.84,,,,,
,,,,,,17,WGNLFNWGSYGR,0.41,1653,1,8.75,,,,,
,,,,,,17,FGNLFNMCSCGR,0.47,1545,1,8.07,,,,,
,,,,,,17,FGSMFNMGSCDR,0.531,1548,0,5.83,,,,,
,,,,,,17,RGNLFNMGSCGR,0.98,1508,2,10.35,,,,,
,,,,,,17,RGNLINMGSCGR,1.063,1474,2,10.35,,,,,
,,,,,,17,FGNLQNMGSCKS,0.791,1482,1,8.22,,,,,
,,,,,,17,RGNHFNMGSCGR,0.983,1532,2,10.35,,,,,
,,,,,,17,RGNMFNMGSCGR,0.937,1526,2,10.35,,,,,
,,,,,,17,QGNLFNMGSCGR,0.731,1480,1,8.25,,,,,
,,,,,,17,MGNLQNMGSCGR,0.863,1464,1,8,,,,,
,,,,,,17,CGNLFKMGSCDS,0.669,1458,0,5.82,,,,,
,,,,,,17,HGNSGNMGSDGR,0.976,1385,0,6.74,,,,,
,,,,,,17,VGNDFNMGSCKS,0.528,1455,0,5.8,,,,,
,,,,,,17,FGNLQNMGSCGR,0.746,1480,1,8.25,,,,,
,,,,,,17,DGNLINMGSCGR,0.729,1433,0,5.83,,,,,
,,,,,,17,WGNLFNMGSCKS,0.591,1540,1,8.22,,,,,
,,,,,,17,HGNSFNMGSDGR,0.847,1475,0,6.74,,,,,
,,,,,,17,DGNSFNMGSCGR,0.655,1441,0,5.83,,,,,
,,,,,,17,CGNLFNMGSCKS,0.641,1457,1,8.06,,,,,
,,,,,,17,RGNLQNMGSCDS,1.087,1478,0,5.83,,,,,
,,,,,,17,RGSLFNMGSCGR,0.958,1481,2,10.35,,,,,
,,,,,,27,GWMWMRRWMMMR,0.69,1954,3,12.3,,,,,
,,,,,,33,HRRNHWFRMMNW,1.361,1967,3,12.3,,,,,
,,,,,,33,HRRNHWFRMMNR,1.593,1937,4,12.48,,,,,
,,,,,,33,FRHWRRFRMWRR,1.504,2086,6,12.7,,,,,
,,,,,,33,FRHHRRFRMWRR,1.699,2037,6,12.7,,,,,
,,,,,,33,FRHWRRFRMWNR,1.364,2044,5,12.6,,,,,
,,,,,,33,FRHHRRFRMWNR,1.559,1995,5,12.6,,,,,
,,,,,,33,FRHWIRFRMWRR,1.175,2043,5,12.6,,,,,
,,,,,,33,FRHHIRFRMWRR,1.37,1994,5,12.6,,,,,
,,,,,,33,FRHWIRFRMWNR,1.035,2001,4,12.48,,,,,
,,,,,,33,FRHHRRFRMWRW,1.467,2067,5,12.6,,,,,
,,,,,,33,FRHWRRFRMWDR,1.354,2045,4,12.18,,,,,
,,,,,,33,FRHIRRFRMWRR,1.607,2013,6,12.7,,,,,
,,,,,,33,FRHWRRFRMWNW,1.132,2074,4,12.48,,,,,
,,,,,,33,FRHHRRFRMWDR,1.549,1996,4,12.18,,,,,
,,,,,,33,FRHHRRFRMWNW,1.327,2025,4,12.48,,,,,
,,,,,,33,FRHIRRFRMWNR,1.466,1971,5,12.6,,,,,
,,,,,,33,FRHWRRFRMWSR,1.351,2017,5,12.6,,,,,
,,,,,,33,FRHHRRFRMWSR,1.545,1968,5,12.6,,,,,
,,,,,,33,FRHWRRFRMWGR,1.316,1987,5,12.6,,,,,
,,,,,,33,FRHWRRFRMRRR,1.862,2056,7,12.78,,,,,
,,,,,,33,HRHWRRFRMWRR,1.66,2076,6,12.7,,,,,
,,,,,,33,FRHHRRFRMWGR,1.511,1938,5,12.6,,,,,
,,,,,,33,FRHWRRFRMWCR,1.25,2033,5,12.18,,,,,
,,,,,,33,HRHHRRFRMWRR,1.855,2027,6,12.7,,,,,
,,,,,,33,FRHWLRFRMWRR,1.258,2043,5,12.6,,,,,
,,,,,,33,FRHHRRFRMRRR,2.056,2007,7,12.78,,,,,
,,,,,,33,FRHHRRFRMWCR,1.445,1984,5,12.18,,,,,
,,,,,,33,HRHWRRFRMWNR,1.519,2034,5,12.6,,,,,
,,,,,,33,HRHHRRFRMWNR,1.714,1985,5,12.6,,,,,
,,,,,,33,FRHHRRFRMRNR,1.916,1965,6,12.7,,,,,
,,,,,,33,FRHWLRFRMWNR,1.117,2001,4,12.48,,,,,
,,,,,,33,FRHIIRFRMWRR,1.277,1970,5,12.6,,,,,
,,,,,,33,FRHNRRFRMWRR,1.724,2014,6,12.7,,,,,
,,,,,,33,FRHIIRFRMWNR,1.137,1928,4,12.48,,,,,
,,,,,,33,FRHFRRFRMWRR,1.516,2047,6,12.7,,,,,
,,,,,,33,FRHNRRFRMWNR,1.584,1972,5,12.6,,,,,
,,,,,,33,FRHFRRFRMWNR,1.376,2005,5,12.6,,,,,
,,,,,,33,FRHIRRFRMWDR,1.456,1972,4,12.18,,,,,
,,,,,,33,FRFHRRFRMWRR,1.489,2047,6,12.7,,,,,
,,,,,,33,HRHIRRFRMWRR,1.762,2003,6,12.7,,,,,
,,,,,,33,FRHIRRFRMWGR,1.418,1914,5,12.6,,,,,
,,,,,,33,FRHWRRFRMWER,1.44,2059,4,12.18,,,,,
,,,,,,33,FRFHRRFRMWNR,1.349,2005,5,12.6,,,,,
,,,,,,33,FRHIRRFRMWCR,1.353,1960,5,12.18,,,,,
,,,,,,33,FRFWRRFRMWRR,1.294,2096,6,12.7,,,,,
,,,,,,33,FRFWRRFRMWNR,1.154,2054,5,12.6,,,,,
,,,,,,33,FRHWRRMRMWNR,1.487,2028,5,12.6,,,,,
,,,,,,33,FRHNRRFRMWGR,1.536,1915,5,12.6,,,,,
,,,,,,33,FRHWRRFRMWRI,1.329,2043,5,12.6,,,,,
,,,,,,33,FRHFRRFRMWGR,1.328,1948,5,12.6,,,,,
,,,,,,33,FRHYRRFRMWRR,1.559,2063,6,12.3,,,,,
,,,,,,33,HRHWRRMRMWNR,1.642,2018,5,12.6,,,,,
,,,,,,33,FRHYRRFRMWNR,1.418,2021,5,12.18,,,,,
,,,,,,38,WRRWIWMFWLGW,0.474,2019,2,12,,,,,
,,,,,,38,WRWWIWMFWLGK,0.112,1991,2,11,,,,,
,,,,,,38,WRTWIWMFWLGW,-0.069,1964,1,9.75,,,,,
,,,,,,38,WRRWIWMFWLGK,0.688,1961,3,12.01,,,,,
,,,,,,38,WRYWIWMFWLGW,-0.039,2026,1,8.75,,,,,
,,,,,,38,WRWWIWMFRWRW,0.344,2191,3,12.3,,,,,
,,,,,,38,WRRWIWMFRWRW,0.92,2161,4,12.48,,,,,
,,,,,,38,WRNWIWMFRWRW,0.596,2119,3,12.3,,,,,
,,,,,,38,WRQWIWMFRWRW,0.593,2133,3,12.3,,,,,
,,,,,,38,WRTWIWMFRWRW,0.376,2106,3,12.3,,,,,
,,,,,,38,WRYWIWMFRWRW,0.406,2168,3,11.71,,,,,
,,,,,,38,WRDWIWMFRWRW,0.487,2120,2,11.7,,,,,
,,,,,,38,WRSWIWMFRWRW,0.574,2092,3,12.3,,,,,
,,,,,,38,WRLWIWMFRWRW,0.564,2118,3,12.3,,,,,
,,,,,,38,WRGWIWMFRWRW,0.517,2062,3,12.3,,,,,
,,,,,,38,WRAWIWMFRWRW,0.578,2076,3,12.3,,,,,
,,,,,,38,WRHWIWMFRWRW,0.567,2142,3,12.3,,,,,
,,,,,,38,WRVWIWMFRWRW,0.342,2104,3,12.3,,,,,
,,,,,,38,WRCWIWMFRWRW,0.41,2108,3,11.7,,,,,
,,,,,,38,WRKWIWMFRWRW,0.883,2133,4,12.3,,,,,
,,,,,,38,WRWWIWMFFWRW,-0.064,2182,2,12,,,,,
,,,,,,38,WRTWIWMFIWRW,0.058,2063,2,12,,,,,
,,,,,,38,WRRWIWMFFWRW,0.512,2152,3,12.3,,,,,
,,,,,,38,WRNWIWMFFWRW,0.188,2110,2,12,,,,,
,,,,,,38,WRWWCWMFRWRW,0.303,2181,3,11.7,,,,,
,,,,,,38,WRQWIWMFFWRW,0.185,2124,2,12,,,,,
,,,,,,38,WRTWIWMFFWRW,-0.032,2097,2,12,,,,,
,,,,,,42,WGWRKRRWIRMW,1.245,2013,5,12.48,,,,,
,,,,,,42,NMMRLRRWIRWW,1.28,2000,4,12.48,,,,,
,,,,,,42,NHMRLRRWIRWW,1.326,2006,4,12.48,,,,,
,,,,,,42,NHMRCRRWIRWW,1.202,1996,4,12,,,,,
,,,,,,42,NMMRLRRWIRWR,1.512,1970,5,12.6,,,,,
,,,,,,42,NHMRLRRWIRWR,1.558,1976,5,12.6,,,,,
,,,,,,42,NHMRCRRWIRWR,1.434,1966,5,12.18,,,,,
,,,,,,42,GHMRCRRWIRWW,1.144,1939,4,12,,,,,
,,,,,,42,DHMRLRRWIRWW,1.238,2007,3,12,,,,,
,,,,,,42,DMMRLRRWIRWW,1.192,2001,3,12,,,,,
,,,,,,42,QHMRLRRWIRWW,1.323,2020,4,12.48,,,,,
,,,,,,42,NMMRLRRWVRWW,1.176,1986,4,12.48,,,,,
,,,,,,42,NHMRLRRWVRWW,1.222,1992,4,12.48,,,,,
,,,,,,42,GMMRLRRWIRWW,1.222,1943,4,12.48,,,,,
,,,,,,42,GHMRLRRWIRWW,1.267,1949,4,12.48,,,,,
,,,,,,42,EMMRLRRWIRWW,1.297,2015,3,12,,,,,
,,,,,,49,WLRMMRFNWRWI,0.946,1991,3,12.3,,,,,
,,,,,,49,WLRRMRFNWRWI,1.293,2016,4,12.48,,,,,
,,,,,,49,WLRWMRHNWRWI,0.961,2036,3,12.3,,,,,
,,,,,,49,FRWLGRFHWHWI,0.526,1937,2,12,,,,,
,,,,,,49,WLWMMRFNWRWI,0.37,2021,2,12,,,,,
,,,,,,49,WLRWMRRNWRWI,1.163,2055,4,12.48,,,,,
,,,,,,49,WLRWMRQNWRWI,0.981,2027,3,12.3,,,,,
,,,,,,49,WLRWMRMNWRWI,0.92,2030,3,12.3,,,,,
,,,,,,49,WLRWMRINWRWI,0.878,2012,3,12.3,,,,,
,,,,,,49,WLRWMRFNMRWI,0.946,1991,3,12.3,,,,,