System Conformation,QA Sequence,QA CamSol,QA Charge,System Conformation,PPO Sequence,PPO CamSol,PPO Charge,PepBD Sequence,PepBD CamSol,PepBD Charge
1,MERRNRRRRLWH,2.362,5,1,QDYEQQFCREEG,0.973,-3,HWMWEMKWHMRH,0.692,1
2,RMWHNRWRWRER,1.452,4,1,QDYENQALQTAG,0.724,-2,DWMWHMKWQMRH,0.559,1
3,HNWMRMRRRWFW,1.167,4,1,QDYEQQFLRETG,0.885,-2,HWYKFLHHQMRW,0.749,2
4,RQRRWRWARRMW,2.056,6,1,QDYEVQFLRETG,0.683,-2,EWYHFLHHHMRW,0.496,0
5,RRWRWRRFWNMR,1.612,6,1,QDYEVQFLREAG,0.806,-2,EHYRFLWHHMRW,0.818,1
6,RRRRWRRRWRWR,2.631,9,1,QDYEQQFTRETG,0.734,-2,MWMRHWRWHHFH,0.709,2
7,HNWDRRRRRRRM,2.122,6,1,QDYDQQFLREEG,0.973,-3,EWYKHLHFHMRW,0.765,1
9,RRRDWHWGGWNR,1.381,3,1,QDYEQIFLRETG,0.783,-2,HWMRTWRWHMFH,0.555,2
10,NNNRFRWCGQMR,1.156,3,1,QDYENQALQEAG,0.98,-3,HWMREWRWYHFH,0.696,1
12,RDRSFRWCGRMR,1.501,4,1,QDYEQQFLRETD,0.916,-3,HRWWWDHFRLHF,0.646,1
13,QNRNYRRDGNRR,1.945,4,1,DDYDQQFLREEG,0.888,-4,RWWYQREMWMHH,0.755,1
14,RNNNNRWDGWMR,1.27,2,1,QDYEQQFTRETD,0.764,-3,HRWWWDHFIIHK,0.46,1
15,WRRRCMRSNRMR,2.125,6,1,QDYEQQFLQEAG,0.805,-3,HRRWWDHFAVHW,0.835,1
16,GMRRRMRCRRRR,2.523,8,1,QDYEVQFLQEAG,0.603,-3,HRWWWDHRVFHF,0.449,1
17,RSRREDWMSNNR,1.948,2,1,QDYEQQALQEAG,0.977,-3,GFRHRIFWQHWW,0.702,2
18,WRQRRHLGAQNV,1.586,3,1,DDYDDKFLREEG,1.001,-4,HWMWMRHRQTMW,0.647,2
20,WNNNNRWSNWEQ,0.915,0,1,DDYDDQFLREEG,0.843,-5,MFWWREIHNHWR,0.622,1
21,HWINGCHMNMWL,0.341,0,1,QDYDQQFCREEG,0.85,-3,EWRHRIFWQHWF,0.772,1
22,HWLFRRWRRMRR,1.547,6,1,DDYDDKFAREEG,1.012,-4,MFWWRELHQQWR,0.718,1
23,RGHWATVWRKRG,1.03,4,1,QDYEQEFLQEAG,0.9,-4,ERWMMHHWRHFW,0.823,1
24,NRHNRFLHNRRR,1.91,5,1,QDYEGQDLQEAG,0.918,-4,MFWWREMHHNWR,0.66,1
25,GWLNYWLRRVRR,1.006,4,1,QDYEGQALQEAG,0.916,-3,HSWHWSRWMLFK,0.534,2
26,HWMRRWNFFWTR,0.61,3,1,QDYEQQDLVEAG,0.761,-4,MFWWREQHITWR,0.466,1
27,GWVWMRRWMMMR,0.517,3,1,QDYEQQFLVEAG,0.587,-3,HFWWREIHHLWR,0.633,1
28,KWNWLWCRRRWL,1.041,4,1,DSYDDKFAREEG,1.095,-3,WHWHWSFYHRFK,0.286,2
29,NWLWGRWLTRRR,0.9,4,1,QDYEQIFLVEAG,0.484,-3,RWMWHMHRQTMW,0.709,2
30,RNWVNMWRFMRR,0.924,4,1,QDYEHQDLVEAG,0.74,-4,WSRWWSFYHHFK,0.482,2
31,GWWFRRRNRRRM,1.562,6,1,QDYEGQDLVEAG,0.7,-4,HRWMMDHWRSFW,0.795,1
32,MWRRWHRGRRQG,1.784,5,1,QDYDQQALQEAG,0.854,-3,HEWMMHHWRDFW,0.527,-1
33,HHRNHWFRRMNW,1.318,3,2,RMWRSRRRWRER,2.112,6,DKWMMHHWRSFW,0.692,1
34,GWLRWNHNMRRR,1.334,4,2,RMWRGRWRWRER,1.69,5,WHWHWSFHIHFK,0.132,1
35,GEEKKERGRHRR,2.31,3,2,RMWRGRRRWRER,2.067,6,WSRWWSFHFEFK,0.543,1
36,GWRMWLIRNDRM,1.159,2,2,NMWRGRRRWRER,1.82,5,RWWYNREHWMMH,0.768,1
37,RHGLWHRAGRWY,1.153,3,2,NMWRGRWRWRER,1.444,4,WSHWWSFHRMFK,0.446,2
38,WRWWIWMFWLGK,0.112,2,2,RMWRSRFRWRER,1.747,5,HSWWRDHWLLFK,0.602,1
39,GWRNVHHKRRWM,1.372,4,2,RMWRGRHRWRER,1.865,5,LWMWQRHRETMW,0.819,1
40,WFWHWHRMMRRF,0.585,3,2,RMWRGRNRWRER,1.887,5,RWWYTREHWMHM,0.597,1
41,GVWGRGRWFRWH,0.572,3,2,RMWRGRFRWRER,1.701,5,HSWWRDIWTIFK,0.28,1
42,WGWRKRRWIRWW,1.14,5,2,RMWRGRWRHRER,1.885,5,HWMWLHWRQTMH,0.412,1
43,HWLGLWRRMWWR,0.742,3,2,NMWRGRHRWRER,1.618,4,HWRWLHMRQTMW,0.843,2
44,FWRHMWKRWMRR,1.19,5,2,RMWRGRRRHRER,2.261,6,HLWHWSRWLHFK,0.57,2
45,WWIQRFNWNIWL,0.26,1,2,NMWRGRNRWRER,1.641,4,HSWHWSLWFRFK,0.386,2
46,GKQNMRVRNMFR,1.449,4,2,NMWRGRFRWRER,1.455,4,HFWHWSRWHIFK,0.314,2
47,WWRLLWRMNIWR,0.88,3,2,NMWRGRRRHRER,2.015,5,WFFNRWHHRHWM,0.573,2
48,WWRWLVRNNWMR,0.77,3,2,NMWRGRWRHRER,1.639,4,WFFHRWMHQKWQ,0.506,2
49,FRWLGRWHWHWI,0.516,2,2,SMWRGRWRWRER,1.428,4,WFFNRWKHHMWQ,0.52,2
50,WKQVWDYIRHGR,0.851,2,2,RMWRSRHRHRER,2.105,5,HWWMHMWHRHMK,0.595,2
,,,,2,RMWRGRHRHRER,2.059,5,HWWQEMWHRVMK,0.584,1
,,,,2,RMWRGRNRHRER,2.082,5,WFFHRWHHRMWQ,0.547,2
,,,,2,VMWRGRWRWRER,1.256,4,FRFHWMTEMHWR,0.618,1
,,,,2,RMWRGRFRHRER,1.896,5,WMWHKLWHHHYK,0.584,2
,,,,2,RMWRGRWRFRER,1.702,5,HWWHGMWHRAMK,0.607,2
,,,,2,NMWRGRHRHRER,1.813,4,HWWINMWHRGMK,0.534,2
,,,,2,NMWRGRNRHRER,1.835,4,FRFTWMHEMTWR,0.459,1
,,,,2,RMWRGRWRWFER,1.343,4,WRTHWIMHGWYR,0.443,2
,,,,2,NMWRGRFRHRER,1.649,4,WMWHRMWQHHYK,0.596,2
,,,,2,RMWRGRRRWFER,1.719,5,WMWHGLWQHKYK,0.514,2
,,,,2,RMWRGRWRWREK,1.672,5,FRFSWMNEMSWR,0.801,1
,,,,2,RMWRGRRRWREK,2.049,6,WMWQELWHHKYK,0.645,1
,,,,2,NMWRGRRRWFER,1.473,4,HHRRWMWWGHFY,0.803,2
,,,,2,RMWRGRWRWVER,1.332,4,WRQQWIEHGWFR,0.814,1
,,,,2,NMWRGRRRWREK,1.802,5,RWWYQKHHWMMH,0.616,2
,,,,2,NMWRGRWRWREK,1.426,4,WMWHRHWTHMYK,0.424,2
,,,,2,NMWRGRWRWVER,1.085,3,ETRRWMWWHHFY,0.718,1
,,,,2,RMWRGRRRKRER,2.454,7,RWWYVRHHEMMH,0.772,1
,,,,2,RMWRGRHRWREK,1.847,5,HSRRWMWWHEFY,0.967,1
,,,,2,RMWRGRNRWREK,1.869,5,WFFHRWHHQLWR,0.492,2
,,,,2,NMWRSRWRWRER,1.49,4,WMWQKHWGHHYK,0.568,2
,,,,2,RMWRGRRRWAER,1.882,5,WFFHQWMHRHWR,0.434,2
,,,,2,NMWRGRRRKRER,2.208,6,WFFNRWHHNMWR,0.484,2
,,,,2,NMWRGRNRWREK,1.623,4,GGQSIFLEHAAK,0.918,0
,,,,2,NMWRGRFRWREK,1.437,4,WFFGRWMHQHWR,0.411,2
,,,,2,RMWRGRWRWRCR,1.5,6,AFISLFREHHAK,0.971,1
,,,,2,RMWRGRRRWRCR,1.877,7,GAGSIFREHQAK,1.11,1
,,,,2,RMWRGRNRKRER,2.275,6,HAVSMFREHLAK,0.994,1
,,,,2,NMWRSRNRWRER,1.687,4,SGGSIFREHAAK,1.089,1
,,,,2,NMWRGRWRWRCR,1.254,5,WRNHWILHGWFR,0.672,2
,,,,2,NMWRGRNRKRER,2.028,5,GFHSIAREVSAK,0.931,1
,,,,3,HNWMRMRRRSFR,1.57,5,GFVSIFAEHHAK,0.531,0
,,,,3,HNWMRMRRRGFR,1.527,5,GGQSIFAEQLAK,0.94,0
,,,,3,HNWYRMRRRSFR,1.475,5,AGHSMFREHGAK,1.14,1
,,,,3,HNWYRMRRRGFR,1.433,5,GWHSIFREVTAK,0.6,1
,,,,3,HNWYRMRRTSFR,1.083,4,GVHSVFREEHAK,0.975,0
,,,,3,HRWYRMRRTNHR,1.516,5,GIVSHFAEHMAK,0.668,0
,,,,3,HRWYRMRRQSHR,1.689,5,ELQSAFREMTAK,1.137,0
,,,,3,HRWYRMRRTSKR,1.635,6,GHVSIFGEHMAK,0.628,0
,,,,3,HRWYRMRRTSMR,1.468,5,GVHSFAREWTAK,0.688,1
,,,,3,HRWYRMRRTGKR,1.593,6,GVNSAFREVHAK,0.863,1
,,,,3,HRWYRMRRTGMR,1.426,5,AFQSIFREHMAK,0.981,1
,,,,3,HRWYRMRRQGHR,1.646,5,HAHSGFREHHAK,1.224,1
,,,,3,HRWWRMRRTSHR,1.445,5,WHHMQWWIHRLH,0.539,1
,,,,3,HRWYRMRRFSKR,1.619,6,GLVSHFREHLIK,0.916,1
,,,,3,HRWYRMRRTSWR,1.363,5,LFWSVFREHHAK,0.665,1
,,,,3,HRWYRMRRFGKR,1.577,6,GHYSVFGEHLAK,0.632,0
,,,,3,HRWYRMRRTGWR,1.321,5,WHEMQWWIYRKH,0.596,1
,,,,3,HRWYRMRRTEWR,1.472,4,WRNSWIEHGWYR,0.83,1
,,,,3,HRWYRMRRTSHR,1.5,5,EFRHTIFWHHWW,0.357,0
,,,,3,HNWYRMRRTSHR,1.211,4,GFWHQIFRHHWW,0.269,1
,,,,3,HRWYRMRRTEHR,1.609,4,WHQHWRVMGWYR,0.46,2
,,,,3,HRWYRMRRHSHR,1.666,5,RFQFHWWEVQWR,0.488,1
,,,,3,HRWYRMRRTAHR,1.502,5,,,
,,,,3,HRWYRMRRTGHR,1.458,5,,,
,,,,3,HRWWRMRRSSHR,1.618,5,,,
,,,,3,HRWYRMRRYSHR,1.526,5,,,
,,,,3,HRWYRMRRYGHR,1.484,5,,,
,,,,3,HRWYRMRRESHR,1.8,4,,,
,,,,3,HRWYRMRRFSHR,1.484,5,,,
,,,,3,HRWYRMRRISHR,1.574,5,,,
,,,,3,HRWYRMRRTSHF,1.274,4,,,
,,,,3,HRWYRMRRHGHR,1.624,5,,,
,,,,3,HRWYRMRRSGHR,1.63,5,,,
,,,,3,HRWYRMRRSSHR,1.672,5,,,
,,,,3,HRWYRMRRASHR,1.675,5,,,
,,,,3,HRWRRMRRTSHR,1.941,6,,,
,,,,3,HRWYRMRRGSHR,1.623,5,,,
,,,,3,HRWYRMRRTGHF,1.232,4,,,
,,,,3,HRWYRMRRIGHR,1.532,5,,,
,,,,3,HRWYRMRRFGHR,1.441,5,,,
,,,,3,HRWYRMKRTSHR,1.471,5,,,
,,,,3,HRWYRMRRAGHR,1.633,5,,,
,,,,3,HRWRRMRRTGHR,1.899,6,,,
,,,,3,HRWYRMRREGHR,1.758,4,,,
,,,,3,HRWYRMKRTGHR,1.429,5,,,
,,,,3,HKWYRMRRTSHR,1.467,5,,,
,,,,4,QRMRWRWANRER,1.851,4,,,
,,,,4,QRMRWRWSNRER,1.849,4,,,
,,,,4,QRWRWRWSNRER,1.677,4,,,
,,,,4,QRWRWIWSNRER,1.387,3,,,
,,,,4,QRWRWIWSNREM,1.238,2,,,
,,,,5,RNWWWRRFWNMR,0.827,4,,,
,,,,5,RNWWWNRFWRMR,0.813,4,,,
,,,,5,RNRWWRRFWNMR,1.403,5,,,
,,,,5,RNRWWRRRWNMR,1.781,6,,,
,,,,5,RNRWWRRRMNMR,1.93,6,,,
,,,,6,RRNNWNRRWRWR,1.846,6,,,
,,,,6,RRNNWNVRRRRR,2.183,7,,,
,,,,6,RRNNWNVTRRRR,1.821,6,,,
,,,,6,RQNNWNVTRRRR,1.53,5,,,
,,,,6,RQNNWNVHRRRR,1.684,5,,,
,,,,6,TRNNWNVTRRRR,1.412,5,,,
,,,,6,TQNNWRVTRRRR,1.305,5,,,
,,,,6,TQNNWRVQRRRR,1.48,5,,,
,,,,6,NQNNWNVTRRRR,1.283,4,,,
,,,,6,TQNNWNVTRRRR,1.12,4,,,
,,,,6,RQNNWHVTRRRR,1.507,5,,,
,,,,6,TQNNWNVQRRRR,1.295,4,,,
,,,,6,TQNNWNVHRRRR,1.274,4,,,
,,,,6,TQNNWQVTRRRR,1.118,4,,,
,,,,6,NQMNWNVTRRRR,1.202,4,,,
,,,,6,TQMNWNVTRRRR,1.039,4,,,
,,,,6,YQNNWNVTRRRR,1.143,4,,,
,,,,6,DQNNWNVTRRRR,1.195,3,,,
,,,,6,TQNNWTVTRRRR,0.949,4,,,
,,,,6,TQMNWNVHRRRR,1.193,4,,,
,,,,6,TQNNWNVMRRRR,1.232,4,,,
,,,,6,VQNNWNVTRRRR,1.095,4,,,
,,,,6,NQNNWHVTRRRR,1.261,4,,,
,,,,6,TQNNWNVIRRRR,1.189,4,,,
,,,,6,TQNNWHVTRRRR,1.098,4,,,
,,,,6,TQYNWNVTRRRR,0.93,4,,,
,,,,6,TQNNWNVERRRR,1.398,3,,,
,,,,6,RRNNWNRRRRRR,2.561,8,,,
,,,,6,TQNDWNVTRRRR,1.03,3,,,
,,,,6,TQNYWNVTRRRR,0.955,4,,,
,,,,6,MQNNWNVTRRRR,1.223,4,,,
,,,,6,TQNKWNVTRRRR,1.364,5,,,
,,,,6,TQNNWNVDRRRR,1.285,3,,,
,,,,6,TDNNWNVTRRRR,1.021,3,,,
,,,,6,TQNSWNVTRRRR,1.101,4,,,
,,,,6,TSNNWNVTRRRR,1.104,4,,,
,,,,6,TYNNWNVTRRRR,0.958,4,,,
,,,,6,TENNWNVTRRRR,1.144,3,,,
,,,,6,TQNNWHVHRRRR,1.252,4,,,
,,,,6,TQNNWNVARRRR,1.283,4,,,
,,,,6,EQNNWNVTRRRR,1.3,3,,,
,,,,6,TQNNWNVFRRRR,1.105,4,,,
,,,,6,TQNAWNVTRRRR,1.104,4,,,
,,,,6,TGNNWNVTRRRR,1.054,4,,,
,,,,6,TDNNWNVHRRRR,1.175,3,,,
,,,,6,IQNNWNVTRRRR,1.183,4,,,
,,,,6,TQMNWHVTRRRR,1.017,4,,,
,,,,6,TQNNWNVTRTRR,0.787,3,,,
,,,,6,TFNNWNVTRRRR,0.915,4,,,
,,,,6,TQNAWNVHRRRR,1.258,4,,,
,,,,6,TQNNWYVTRRRR,0.972,4,,,
,,,,6,YQNNWHVTRRRR,1.12,4,,,
,,,,6,DQNNWHVTRRRR,1.173,3,,,
,,,,6,NQNNWWVTRRRR,1.086,4,,,
,,,,6,TQNNWWVTRRRR,0.923,4,,,
,,,,6,TQNNWNVTRKRR,1.093,4,,,
,,,,6,VQNNWHVTRRRR,1.073,4,,,
,,,,6,TQNNWHVIRRRR,1.166,4,,,
,,,,6,TQNNRNVTRRRR,1.544,5,,,
,,,,6,TQNNWNVTWRRR,0.7,3,,,
,,,,6,TQNNWHVERRRR,1.376,3,,,
,,,,6,TQNYWHVTRRRR,0.932,4,,,
,,,,6,TQNNWHVDRRRR,1.262,3,,,
,,,,6,TDNNWHVTRRRR,0.999,3,,,
,,,,6,TQNSWHVTRRRR,1.079,4,,,
,,,,6,TSNNWHVTRRRR,1.082,4,,,
,,,,6,TYNNWHVTRRRR,0.935,4,,,
,,,,6,TQNNWHVARRRR,1.26,4,,,
,,,,6,TQNNWHVFRRRR,1.083,4,,,
,,,,6,TGNNWHVTRRRR,1.032,4,,,
,,,,6,TDNAWNVTRRRR,1.005,3,,,
,,,,6,TFNNWHVTRRRR,0.893,4,,,
,,,,6,RRNNWNRRRRWR,2.266,7,,,
,,,,6,TQNNWNVTRRRY,0.918,3,,,
,,,,6,TQNNWWVIRRRR,0.992,4,,,
,,,,6,TQNNWNRTRRRR,1.498,5,,,
,,,,9,RRRSWERGTQNK,1.986,4,,,
,,,,9,RRRSWERGTNNK,1.989,4,,,
,,,,9,RRRCWDRGTNNK,1.736,4,,,
,,,,9,RRRSWDRGTNNK,1.879,4,,,
,,,,9,RRRSNERGTQNR,2.207,4,,,
,,,,9,RRRSWEVGTNNK,1.611,3,,,
,,,,9,RRRSRERGTQNK,2.41,5,,,
,,,,9,RRRCNERGTQNK,2.047,4,,,
,,,,9,RRRSNERGLQNK,2.353,4,,,
,,,,9,RRRSNERGTQNK,2.19,4,,,
,,,,9,RRRSNEMGTQNK,1.947,3,,,
,,,,9,RRQSNERGTQNK,1.863,3,,,
,,,,9,RRRSNERGSQNK,2.362,4,,,
,,,,9,RRRSNERGGQNK,2.313,4,,,
,,,,9,TRRCNERGTQNK,1.637,3,,,
,,,,9,RRRSNERGTDNK,2.18,3,,,
,,,,9,RTRSNERGTQNK,1.71,3,,,
,,,,9,TRRSNERGTQNK,1.78,3,,,
,,,,9,RRRGNERGTQNK,2.14,4,,,
,,,,9,RRRSNEKGLQNK,2.324,4,,,
,,,,9,RRRSDERGLQNK,2.305,3,,,
,,,,9,RRRSDERGTQNK,2.142,3,,,
,,,,9,RRTSNERGTQNK,1.646,3,,,
,,,,9,RRRSNEKGTQNK,2.161,4,,,
,,,,9,RWRSNERGTQNK,1.681,3,,,
,,,,9,RRRSNERGTANK,2.178,4,,,
,,,,9,RRRSNEHGTQNK,1.988,3,,,
,,,,9,RRLSNERGTQNK,1.834,3,,,
,,,,9,RRQSNERGSQNK,2.035,3,,,
,,,,9,RRLSNERGLQNK,1.997,3,,,
,,,,9,RRRSKERGTQNK,2.38,5,,,
,,,,9,RRRSEERGTQNK,2.255,3,,,
,,,,9,RRRSNERGTSNK,2.176,4,,,
,,,,9,RSRSNERGTQNK,1.882,3,,,
,,,,9,RRRSDERGTWNK,1.957,3,,,
,,,,9,TRRSNERGTDNK,1.771,2,,,
,,,,10,NNNRYRYCGQML,1.118,2,,,
,,,,10,NNNRYRFCGQMK,1.188,3,,,
,,,,10,NNNRYRYCGQMK,1.226,3,,,
,,,,10,NNNRYRFCAQMK,1.24,3,,,
,,,,11,RNNGNIYSDREH,1.369,0,,,
,,,,11,RNNGNIYSKREM,1.526,2,,,
,,,,11,RWNGNIYSKREM,1.306,2,,,
,,,,11,RNNGNIYSDQEM,1.171,-1,,,
,,,,11,RNNGNIYSKREH,1.551,2,,,
,,,,11,RNNGNIYSDQEH,1.197,-1,,,
,,,,11,RNNGNIFSKREM,1.488,2,,,
,,,,11,RNNSNIYSKREM,1.575,2,,,
,,,,11,RNNGNIYSKQEM,1.353,1,,,
,,,,11,RNNGFIYSKREM,1.334,2,,,
,,,,11,RNNGNIFSKREH,1.513,2,,,
,,,,11,RNNSNIYSKREH,1.601,2,,,
,,,,11,RNNGNIYSKQEH,1.378,1,,,
,,,,11,RNNGNIYSVREM,1.137,1,,,
,,,,11,VNNGNIYSKREM,1.091,1,,,
,,,,11,RNNSNIFSKREM,1.537,2,,,
,,,,11,RNNSNIYSKQEM,1.403,1,,,
,,,,11,VNNGNIYSKREH,1.116,1,,,
,,,,11,RNNGFIYSKQEM,1.161,1,,,
,,,,11,RNNSNIFSKREH,1.563,2,,,
,,,,11,RNNGNIFSKQEH,1.34,1,,,
,,,,11,RNNSNIYSKQEH,1.428,1,,,
,,,,11,VNNGNIYSVREM,0.702,0,,,
,,,,12,RGCGWRWNTKMR,0.964,4,,,
,,,,12,RMCGWRHNTKMR,1.136,4,,,
,,,,12,RDCGWRHNTKMR,1.104,3,,,
,,,,12,RMCGWRHNAKMR,1.311,4,,,
,,,,12,RWCGWRENTKMR,1.107,3,,,
,,,,12,RWCGWRENAKMR,1.282,3,,,
,,,,12,NMCGWRHNTKMR,0.889,3,,,
,,,,12,GMCGWRHNTKMR,0.831,3,,,
,,,,12,YMCGWRHNTKMR,0.749,3,,,
,,,,12,RGCGWRENTKMR,1.258,3,,,
,,,,12,MMCGWRHNTKMR,0.829,3,,,
,,,,12,RMCDWRHNTKMR,1.115,3,,,
,,,,12,RDCGWRHNTKMA,0.985,2,,,
,,,,12,RMCGWRHNTKMG,0.987,3,,,
,,,,12,RWCGWRENTKMA,0.987,2,,,
,,,,12,MMCDWRHNTKMR,0.808,2,,,
,,,,12,RGCDWRENTKMR,1.237,2,,,
,,,,12,RGCGWRENTKMA,1.138,2,,,
,,,,13,NNRLYRRDGNRR,1.92,4,,,
,,,,13,NNRLWRRDGNRR,1.87,4,,,
,,,,13,NNRLNRRDGSRR,2.057,4,,,
,,,,13,NNRRWRRDGSRR,2.158,5,,,
,,,,13,NNRLWRRDGSRR,1.853,4,,,
,,,,13,NNRRWRRDGNFR,1.888,4,,,
,,,,13,NNRRNRRDGSFR,2.075,4,,,
,,,,13,NNRRWRRDGSFR,1.871,4,,,
,,,,13,NHRRNRRDGSFR,2.05,4,,,
,,,,13,NHRRWRRDGSFR,1.846,4,,,
,,,,13,NNRRNRRSGSFR,2.07,5,,,
,,,,15,WRRRCMWCNYAR,1.344,4,,,
,,,,15,GRRRMMRCNYMR,1.895,5,,,
,,,,15,MRIRMLRCNDMM,1.452,2,,,
,,,,16,GMNRKRWCDQMR,1.464,3,,,
,,,,16,GMKRKRWCDRMR,1.924,5,,,
,,,,16,GMKSKRWCDRMR,1.628,4,,,
,,,,16,GMKSKRKCDRRR,2.166,6,,,
,,,,16,GMKSMRKCDRRR,1.91,5,,,
,,,,16,GMKSRRKCDRMR,2.006,5,,,
,,,,16,GMVSKRKCDRMR,1.435,4,,,
,,,,16,GMVGKRKCDRMR,1.386,4,,,
,,,,16,GMISKRKCDRMR,1.554,4,,,
,,,,16,GMKSLRKCDRMR,1.759,4,,,
,,,,16,GMKSTRKCDRMR,1.608,4,,,
,,,,16,GMKDKRKCDRMR,1.905,4,,,
,,,,16,GMKDMRKCDRMR,1.649,3,,,
,,,,16,GMMSKRKCDRMR,1.608,4,,,
,,,,16,GMKSDRKCDRMR,1.737,3,,,
,,,,16,GMMSMRKCDRMR,1.352,3,,,
,,,,16,GMKSKRKCDRMR,1.976,5,,,
,,,,16,GMKEKRKCDRMR,2.028,4,,,
,,,,16,GMKSMRKCDRMR,1.72,4,,,
,,,,16,GMDSKRKCDRMR,1.58,3,,,
,,,,16,GMKGKRKCDRMR,1.926,5,,,
,,,,16,GMKFMRKCDRMR,1.531,4,,,
,,,,16,GMDSMRKCDRMR,1.324,2,,,
,,,,16,GMKGMRKCDRMR,1.67,4,,,
,,,,16,GMSSKRKCDRMR,1.667,4,,,
,,,,16,GMKFKRKCDRMR,1.787,5,,,
,,,,16,GMDGKRKCDRMR,1.53,3,,,
,,,,16,GMASKRKCDRMR,1.671,4,,,
,,,,16,GMDGMRKCDRMR,1.274,2,,,
,,,,16,GMASMRKCDRMR,1.415,3,,,
,,,,16,KMVGKRKCDRMR,1.663,5,,,
,,,,16,GMKSSRKCDRMR,1.768,4,,,
,,,,16,GMAFKRKCDRMR,1.482,4,,,
,,,,16,YMKSKRKCDRMR,1.893,5,,,
,,,,16,GMKSKRKCSRMR,1.971,6,,,
,,,,16,YMKSMRKCDRMR,1.637,4,,,
,,,,16,GMKSMRKCSRMR,1.715,5,,,
,,,,16,GMKSKRKCDQMR,1.803,4,,,
,,,,16,GMKSMRKCDQMR,1.547,3,,,
,,,,16,GMKFKRKCSRMR,1.782,6,,,
,,,,16,GMKSKRFCDRMR,1.639,4,,,
,,,,16,GMKSMRFCDRMR,1.383,3,,,
,,,,16,GMKFMRFCDRMR,1.194,3,,,
,,,,16,GMKFKRFCDRMR,1.45,4,,,
,,,,16,GMKSKRICDRMR,1.72,4,,,
,,,,16,CMKSKRKCDRMR,1.896,5,,,
,,,,16,GMKSMRICDRMR,1.464,3,,,
,,,,16,KMKSKRKCDRMR,2.253,6,,,
,,,,16,GMKGKRICDRMR,1.67,4,,,
,,,,16,GMKGMRICDRMR,1.414,3,,,
,,,,16,IMKSKRKCDRMR,1.934,5,,,
,,,,16,IMKSMRKCDRMR,1.678,4,,,
,,,,16,GMKSKRKCCRMR,1.828,6,,,
,,,,17,CGNLFNMGSCKR,0.762,2,,,
,,,,17,RGNLFNWGSCGR,0.846,2,,,
,,,,17,RGNLFNMGSYDR,1.015,1,,,
,,,,17,CGNLFNMGSCDR,0.634,0,,,
,,,,17,FGNLFNMGSCDR,0.595,0,,,
,,,,17,CGNLFNRGSCKS,0.883,2,,,
,,,,17,FGNMFNMGSCDR,0.553,0,,,
,,,,17,VGNDFNMGSYDR,0.519,-1,,,
,,,,17,WGNLFNMGSYDR,0.582,0,,,
,,,,17,WGNLFNWGSYGR,0.41,1,,,
,,,,17,FGNLFNMCSCGR,0.47,1,,,
,,,,17,FGSMFNMGSCDR,0.531,0,,,
,,,,17,RGNLFNMGSCGR,0.98,2,,,
,,,,17,RGNLINMGSCGR,1.063,2,,,
,,,,17,FGNLQNMGSCKS,0.791,1,,,
,,,,17,RGNHFNMGSCGR,0.983,2,,,
,,,,17,RGNMFNMGSCGR,0.937,2,,,
,,,,17,QGNLFNMGSCGR,0.731,1,,,
,,,,17,MGNLQNMGSCGR,0.863,1,,,
,,,,17,CGNLFKMGSCDS,0.669,0,,,
,,,,17,HGNSGNMGSDGR,0.976,0,,,
,,,,17,VGNDFNMGSCKS,0.528,0,,,
,,,,17,FGNLQNMGSCGR,0.746,1,,,
,,,,17,DGNLINMGSCGR,0.729,0,,,
,,,,17,WGNLFNMGSCKS,0.591,1,,,
,,,,17,HGNSFNMGSDGR,0.847,0,,,
,,,,17,DGNSFNMGSCGR,0.655,0,,,
,,,,17,CGNLFNMGSCKS,0.641,1,,,
,,,,17,RGNLQNMGSCDS,1.087,0,,,
,,,,17,RGSLFNMGSCGR,0.958,2,,,
,,,,27,GWMWMRRWMMMR,0.69,3,,,
,,,,33,HRRNHWFRMMNW,1.361,3,,,
,,,,33,HRRNHWFRMMNR,1.593,4,,,
,,,,33,FRHWRRFRMWRR,1.504,6,,,
,,,,33,FRHHRRFRMWRR,1.699,6,,,
,,,,33,FRHWRRFRMWNR,1.364,5,,,
,,,,33,FRHHRRFRMWNR,1.559,5,,,
,,,,33,FRHWIRFRMWRR,1.175,5,,,
,,,,33,FRHHIRFRMWRR,1.37,5,,,
,,,,33,FRHWIRFRMWNR,1.035,4,,,
,,,,33,FRHHRRFRMWRW,1.467,5,,,
,,,,33,FRHWRRFRMWDR,1.354,4,,,
,,,,33,FRHIRRFRMWRR,1.607,6,,,
,,,,33,FRHWRRFRMWNW,1.132,4,,,
,,,,33,FRHHRRFRMWDR,1.549,4,,,
,,,,33,FRHHRRFRMWNW,1.327,4,,,
,,,,33,FRHIRRFRMWNR,1.466,5,,,
,,,,33,FRHWRRFRMWSR,1.351,5,,,
,,,,33,FRHHRRFRMWSR,1.545,5,,,
,,,,33,FRHWRRFRMWGR,1.316,5,,,
,,,,33,FRHWRRFRMRRR,1.862,7,,,
,,,,33,HRHWRRFRMWRR,1.66,6,,,
,,,,33,FRHHRRFRMWGR,1.511,5,,,
,,,,33,FRHWRRFRMWCR,1.25,5,,,
,,,,33,HRHHRRFRMWRR,1.855,6,,,
,,,,33,FRHWLRFRMWRR,1.258,5,,,
,,,,33,FRHHRRFRMRRR,2.056,7,,,
,,,,33,FRHHRRFRMWCR,1.445,5,,,
,,,,33,HRHWRRFRMWNR,1.519,5,,,
,,,,33,HRHHRRFRMWNR,1.714,5,,,
,,,,33,FRHHRRFRMRNR,1.916,6,,,
,,,,33,FRHWLRFRMWNR,1.117,4,,,
,,,,33,FRHIIRFRMWRR,1.277,5,,,
,,,,33,FRHNRRFRMWRR,1.724,6,,,
,,,,33,FRHIIRFRMWNR,1.137,4,,,
,,,,33,FRHFRRFRMWRR,1.516,6,,,
,,,,33,FRHNRRFRMWNR,1.584,5,,,
,,,,33,FRHFRRFRMWNR,1.376,5,,,
,,,,33,FRHIRRFRMWDR,1.456,4,,,
,,,,33,FRFHRRFRMWRR,1.489,6,,,
,,,,33,HRHIRRFRMWRR,1.762,6,,,
,,,,33,FRHIRRFRMWGR,1.418,5,,,
,,,,33,FRHWRRFRMWER,1.44,4,,,
,,,,33,FRFHRRFRMWNR,1.349,5,,,
,,,,33,FRHIRRFRMWCR,1.353,5,,,
,,,,33,FRFWRRFRMWRR,1.294,6,,,
,,,,33,FRFWRRFRMWNR,1.154,5,,,
,,,,33,FRHWRRMRMWNR,1.487,5,,,
,,,,33,FRHNRRFRMWGR,1.536,5,,,
,,,,33,FRHWRRFRMWRI,1.329,5,,,
,,,,33,FRHFRRFRMWGR,1.328,5,,,
,,,,33,FRHYRRFRMWRR,1.559,6,,,
,,,,33,HRHWRRMRMWNR,1.642,5,,,
,,,,33,FRHYRRFRMWNR,1.418,5,,,
,,,,38,WRRWIWMFWLGW,0.474,2,,,
,,,,38,WRWWIWMFWLGK,0.112,2,,,
,,,,38,WRTWIWMFWLGW,-0.069,1,,,
,,,,38,WRRWIWMFWLGK,0.688,3,,,
,,,,38,WRYWIWMFWLGW,-0.039,1,,,
,,,,38,WRWWIWMFRWRW,0.344,3,,,
,,,,38,WRRWIWMFRWRW,0.92,4,,,
,,,,38,WRNWIWMFRWRW,0.596,3,,,
,,,,38,WRQWIWMFRWRW,0.593,3,,,
,,,,38,WRTWIWMFRWRW,0.376,3,,,
,,,,38,WRYWIWMFRWRW,0.406,3,,,
,,,,38,WRDWIWMFRWRW,0.487,2,,,
,,,,38,WRSWIWMFRWRW,0.574,3,,,
,,,,38,WRLWIWMFRWRW,0.564,3,,,
,,,,38,WRGWIWMFRWRW,0.517,3,,,
,,,,38,WRAWIWMFRWRW,0.578,3,,,
,,,,38,WRHWIWMFRWRW,0.567,3,,,
,,,,38,WRVWIWMFRWRW,0.342,3,,,
,,,,38,WRCWIWMFRWRW,0.41,3,,,
,,,,38,WRKWIWMFRWRW,0.883,4,,,
,,,,38,WRWWIWMFFWRW,-0.064,2,,,
,,,,38,WRTWIWMFIWRW,0.058,2,,,
,,,,38,WRRWIWMFFWRW,0.512,3,,,
,,,,38,WRNWIWMFFWRW,0.188,2,,,
,,,,38,WRWWCWMFRWRW,0.303,3,,,
,,,,38,WRQWIWMFFWRW,0.185,2,,,
,,,,38,WRTWIWMFFWRW,-0.032,2,,,
,,,,42,WGWRKRRWIRMW,1.245,5,,,
,,,,42,NMMRLRRWIRWW,1.28,4,,,
,,,,42,NHMRLRRWIRWW,1.326,4,,,
,,,,42,NHMRCRRWIRWW,1.202,4,,,
,,,,42,NMMRLRRWIRWR,1.512,5,,,
,,,,42,NHMRLRRWIRWR,1.558,5,,,
,,,,42,NHMRCRRWIRWR,1.434,5,,,
,,,,42,GHMRCRRWIRWW,1.144,4,,,
,,,,42,DHMRLRRWIRWW,1.238,3,,,
,,,,42,DMMRLRRWIRWW,1.192,3,,,
,,,,42,QHMRLRRWIRWW,1.323,4,,,
,,,,42,NMMRLRRWVRWW,1.176,4,,,
,,,,42,NHMRLRRWVRWW,1.222,4,,,
,,,,42,GMMRLRRWIRWW,1.222,4,,,
,,,,42,GHMRLRRWIRWW,1.267,4,,,
,,,,42,EMMRLRRWIRWW,1.297,3,,,
,,,,49,WLRMMRFNWRWI,0.946,3,,,
,,,,49,WLRRMRFNWRWI,1.293,4,,,
,,,,49,WLRWMRHNWRWI,0.961,3,,,
,,,,49,FRWLGRFHWHWI,0.526,2,,,
,,,,49,WLWMMRFNWRWI,0.37,2,,,
,,,,49,WLRWMRRNWRWI,1.163,4,,,
,,,,49,WLRWMRQNWRWI,0.981,3,,,
,,,,49,WLRWMRMNWRWI,0.92,3,,,
,,,,49,WLRWMRINWRWI,0.878,3,,,
,,,,49,WLRWMRFNMRWI,0.946,3,,,